"price";"created_at";"updated_at";"address";"ownerid";"property_name";"propertyid";"rental_terms";"tenantid";"type";"availability_status"
8000.0;"2025-04-25 10:39:33.430756";"2025-04-25 10:39:33.430756";"Magistrate, Chennai";"03e4f465-c788-4e75-8c3d-7398ddcf17cd";"Sai krishna apart";"2e962cfe-d80c-43cb-bcbf-93db143871a5";"No Illegal Activities";"";"Residential";"available"
25000.0;"2025-04-25 10:45:52.512952";"2025-04-25 10:47:49.270950";"Street 10, Marthalli, Bangalore";"03e4f465-c788-4e75-8c3d-7398ddcf17cd";"Sai residency";"3d61c680-f51b-4ae4-92ed-cfdc32fff727";"Compensation for any damage";"9c4b5069-0466-4d6a-a73f-3f92b0935439";"Commercial";"rented"
7000.0;"2025-04-25 10:40:41.064226";"2025-04-25 10:55:03.880447";"Keeranatham, Coimbatore";"03e4f465-c788-4e75-8c3d-7398ddcf17cd";"Happy Villas";"3d8c6ecc-1885-4bf3-9a78-360ff6e08db7";"Pay on Time";"b1b1a948-381a-43a8-b55b-95a63d192df7";"Industrial";"rented"
12999.0;"2025-04-25 14:25:45.366896";"2025-04-25 14:25:45.366896";"chennai";"03e4f465-c788-4e75-8c3d-7398ddcf17cd";"Sai residency";"5ef59031-3d44-48ab-ac34-adbdf40ed5a7";"Pay on Time";"";"Residential";"available"
25000.0;"2025-04-25 10:36:01.608780";"2025-04-25 10:36:01.608780";"KPHP, Hyderabad";"da253c64-ddb0-4345-8b62-0b55bb4ad310";"SunShine Apartments";"b8ae6272-e725-4b2a-8350-912e10504dd2";"Outsiders Not Allowed";"";"Residential";"available"
7000.0;"2025-04-25 10:37:11.854598";"2025-04-25 10:37:11.854598";"Keeranatham, Coimbatore";"da253c64-ddb0-4345-8b62-0b55bb4ad310";"ORPMS VILLA";"cb0638cb-827b-446d-9b94-eaa5bdeb1cb0";"Gate closes by 10 P.M";"";"Commercial";"available"
9000.0;"2025-04-25 10:52:57.937952";"2025-04-25 10:52:57.937952";"Flat 6, Srinidhi street, Bangalore";"da253c64-ddb0-4345-8b62-0b55bb4ad310";"Sweet Home";"ceeb19b0-4a4e-439c-b466-436a44d43c9f";"Abide by the colony rules";"";"Residential";"available"
