"created_at";"updated_at";"email";"password";"user_id";"user_type"
"2025-04-25 10:38:07.952427";"2025-04-25 10:38:07.952427";"sivaprasad@gmail.com";"$2a$10$BXeSSx/WPcQssZyYaxEcDehV7FlSiCaP1ip32FBvV1hBzE5m7AYrO";"03e4f465-c788-4e75-8c3d-7398ddcf17cd";"OWNER"
"2025-04-25 14:22:23.089228";"2025-04-25 14:22:23.089228";"sam@gmail.com";"$2a$10$Pa9IEVKA8ZQTp2Z7aWU6J.9jhMAe7fmrsuag5INkQR7TUPqKofFuy";"90ec2fb0-304b-46d2-9cf4-14406e0d1d2d";"TENANT"
"2025-04-25 10:41:23.324391";"2025-04-25 10:41:23.324391";"geetha@gmail.com";"$2a$10$T6IztYwwxbapWv4.WvmTlOvHNyfW.pjsntkCCEv8rL5fm8tv/pkWW";"9c4b5069-0466-4d6a-a73f-3f92b0935439";"TENANT"
"2025-04-25 10:50:43.361104";"2025-04-25 10:50:43.361104";"anusha@gmail.com";"$2a$10$fcG0PkJtXw0lCIhLh6jg9.pmdhptlTi/23looQzvpQDwd/20aMZsC";"b1b1a948-381a-43a8-b55b-95a63d192df7";"TENANT"
"2025-04-25 10:35:00.809687";"2025-04-25 10:35:00.809687";"amrutha@gmail.com";"$2a$10$S0lqiA2lkmZV2j37lsjVNuCbiRPMPtSiuDio.RMsRBctdpQ4kZyG.";"da253c64-ddb0-4345-8b62-0b55bb4ad310";"OWNER"
